popularity,title,genre,developer,year,move,aim,hotas,retail_bd,free_to_play,cusa,size_gb,size_bytes,size_source,pv_monthly,pv_adjust
★★★★★,Minecraft,"Sandbox, Survival",Mojang,,—,,,,,CUSA00744,0.21,224919552,exact,280191,multiplat
★★★★★,Resident Evil 7: Biohazard,Survival horror,Capcom,2017,—,,,Y,,CUSA03962,20.64,22157131776,exact,132886,multiplat
★★★★★,The Elder Scrolls V: Skyrim,"Action, RPG",Bethesda Game Studios,2017,可选,,,Y,,,,,,97659,multiplat
★★★★★,Tekken 7,Fighting,Bandai Namco Ent.,2017,—,,,Y,,CUSA05972,38.74,41597403136,exact,56598,multiplat
★★★★★,The Inpatient,Survival horror,Supermassive Games,2018,可选,,,Y,,,,,,15946,
★★★★★,Beat Saber,Rhythm,Beat Games,2018,必需,,,,,CUSA12878,0.29,311754752,exact,15651,
★★★★★,Star Wars: Squadrons,Space combat,Motive Studios,2020,—,,Y,Y,,,,,,45566,multiplat
★★★★★,Gran Turismo Sport,Racing,Polyphony Digital,2017,—,,,Y,,CUSA03220,40.04,42994892800,exact,30722,multiplat
★★★★★,Déraciné,First-person adventure,FromSoftware,2018,必需,,,Y,,,,,,8183,
★★★★,Persona 5: Dancing in Starlight,"Music, Rhythm",P-Studio,2018,—,,,Y,,,,,,7869,
★★★★,Until Dawn: Rush of Blood,Survival Horror,Supermassive Games,2016,可选,,,Y,,CUSA03683,12.16,13056475136,exact,7466,
★★★★,Rise of the Tomb Raider: Blood Ties,Action-Adventure,Crystal Dynamics,2016,—,,,Y,,,,,,61092,proxy
★★★★,Batman: Arkham VR,Action-adventure,Rocksteady Studios,2016,可选,,,Y,,CUSA05340,7.99,8581152768,fuzzy,6030,
★★★★,Dreamworks Voltron VR Chronicles,"Action, Puzzle, Adventure",Digital Domain Interactive,2017,—,,,,,,,,,53725,proxy
★★★★,No Man's Sky Beyond,"Action, adventure, survival",Hello Games,2019,可选,,,Y,,,,,,52963,proxy
★★★★,Star Trek: Bridge Crew,"Social, Adventure",Red Storm Entertainment,2017,可选,,,Y,,,,,,4992,
★★★★,Astro Bot Rescue Mission,"Adventure, platform",Japan Studio (Team Asobi),2018,—,,,Y,,,,,,4508,
★★★★,Five Nights at Freddy's: Help Wanted,Survival horror,Steel Wool,2019,可选,,,Y,,,,,,14460,multiplat
★★★★,Dead or Alive Xtreme 3,"Sports, Dating Sim",Koei Tecmo,2017,—,,,Y,,,,,,14291,multiplat
★★★★,Wolfenstein: Cyberpilot,Shooter,,2019,可选,,,Y,,,,,,4131,
★★★★,Sega Genesis Classics,"Action, Platform",Sega,2018,—,,,,,,,,,13671,multiplat
★★★★,Fate/Grand Order VR feat. Mashu Kyrielight,Type-Moon,Aniplex,2017,—,,,,Y,,,,,40904,proxy
★★★★,Psychonauts in the Rhombus of Ruin,,Double Fine Productions,2017,—,,,Y,,,,,,3994,
★★★★,Hatsune Miku: Project DIVA X,Rhythm,Sega,2016,可选,,,Y,,,,,,3914,
★★★★,Blood & Truth,First-person shooter,London Studio,2019,可选,,,Y,,,,,,3872,
★★★★,Job Simulator,Simulation,Owlchemy Labs,2016,必需,,,Y,,CUSA05818,0.90,969670656,exact,3850,
★★★★,The Last Guardian VR Demo,"Action, adventure",Sony Interactive Entertainment,2017,—,,,,Y,CUSA10479,1.23,1321271296,exact,38171,proxy
★★★★,Persona 3: Dancing in Moonlight,"Music, Rhythm",P-Studio,2018,—,,,Y,,,,,,3751,
★★★★,Rec Room,,Against Gravity,2017,必需,,,,Y,CUSA08481,1.79,1925709824,exact,3721,
★★★★,Creed: Rise to Glory,Sports,Survios,2018,必需,,,Y,,,,,,3426,
★★★★,Eve: Valkyrie,Space Shooter,CCP Games,2016,—,,Y,Y,,CUSA05789,5.46,5866061824,exact,3200,
★★★★,Disaster Report 4 Plus: Summer Memories,Survival action-adventure,Granzella,2018,—,,,Y,,,,,,2913,
★★★★,Accounting+,Exploration game,Squanch Games,2017,可选,,,Y,,CUSA10154,0.60,648871936,exact,2891,
★★★★,Vader Immortal: A Star Wars VR Series,Simulation,ILMxLAB,2020,必需,,,,,,,,,2878,
★★★★,Rick and Morty: Virtual Rick-ality,Adventure,Owlchemy Labs,2018,必需,,,Y,,,,,,2853,
★★★★,Moss,"Adventure, puzzle",Polyarc Games,2018,—,,,Y,,CUSA09760,5.92,6351814656,exact,2828,
★★★★,Polybius,Arcade,Llamasoft,2017,—,,,,,,,,,2713,
★★★★,Bound,"Action, platform",Plastic,2016,—,,,,,CUSA04193,1.45,1554579456,exact,2698,
★★★★,Thumper,Rhythm,Drool,2016,—,,,Y,,,,,,2599,
★★★★,Robinson: The Journey,Action-Adventure,Crytek,2016,—,,,Y,,,,,,2500,
★★★,Dirt Rally,Racing,Codemasters,2017,—,,,Y,,CUSA03648,40.33,43307958272,exact,7853,multiplat
★★★,Arizona Sunshine,"First-person shooter, survival",Vertigo Games,2017,可选,Y,,Y,,,,,,2290,
★★★,Doom VFR,First-person shooter,Bethesda,2017,可选,Y,,,,CUSA09090,13.55,14544535552,exact,2003,
★★★,Cyber Danganronpa VR: The Class Trial,Adventure,Spike Chunsoft,2016,—,,,,,CUSA07125,0.65,693043200,exact,1931,
★★★,Monster of the Deep: Final Fantasy XV,Simulation,Square Enix,2017,必需,,,Y,,,,,,1930,
★★★,The Idolmaster Cinderella Girls,Simulation,Bandai Namco Ent.,2016,—,,,,,,,,,6230,multiplat
★★★,The Walking Dead: Saints & Sinners,"Action, horror",Skydance Interactive,2020,必需,,,Y,,,,,,6173,multiplat
★★★,Megaton Rainfall,Action-adventure,Alfonso del Cerro,2017,可选,,,,,,,,,1809,
★★★,RIGS: Mechanized Combat League,Sports Shooter,Guerrilla Cambridge,2016,—,,,Y,,CUSA00257,18.59,19965935616,fuzzy,1744,
★★★,Firewall: Zero Hour,Tactical first-person shooter,First Contact Ent.,2018,—,Y,,Y,,CUSA11182,9.69,10406133760,fuzzy,1709,
★★★,Tetris Effect,Puzzle,Enhance Games,2018,—,,,Y,,,,,,5586,multiplat
★★★,Concrete Genie,Action,Worldwide Studios,2019,必需,,,Y,,,,,,5385,multiplat
★★★,PlayStation VR Worlds,Interactive Experience,London Studio,2016,可选,,,Y,,,,,,1601,
★★★,Keep Talking and Nobody Explodes,Puzzle,Steel Crate Games,2016,—,,,,,CUSA06561,0.65,703201280,exact,5232,multiplat
★★★,Farpoint,FPS,Impulse Gear,2017,—,Y,,Y,,,,,,1543,
★★★,Obduction,"Adventure, puzzle",Cyan Worlds,2017,—,,,,,,,,,5104,multiplat
★★★,NBA 2K: VR Experience,Interactive experience,2K Games,2016,可选,,,,,,,,,15134,proxy
★★★,Don't Knock Twice,Horror,Wales Interactive,2017,可选,,,Y,,,,,,1473,
★★★,Home Sweet Home,"First-person, horror",Yggdrazil Group,2018,—,,,Y,,,,,,4704,multiplat
★★★,SuperHyperCube,Puzzle,Kokoromi,2016,—,,,,,CUSA04894,0.21,223739904,exact,1406,
★★★,Golem,Adventure,Highwire Games,2019,必需,,,Y,,,,,,1403,
★★★,Humanity,Puzzle,tha ltd.,2023,必需,,,,,,,,,1388,
★★★,Wipeout Omega Collection,Racing,Sony XDev Europe,2018,—,,,Y,,CUSA07671,22.23,23869128704,fuzzy,3889,multiplat
★★★,Moto Racer 4,Racing,Artefacts Studio,2016,—,,,Y,,,,,,974,
★★★,Eagle Flight,Flight Combat,Ubisoft Montreal,2016,—,,,Y,,,,,,966,
★★★,The Walking Dead: Saints & Sinners – Chapter 2: Retribution,"Action, horror",Skydance Interactive,,必需,,,Y,,,,,,923,
★★★,The Walking Dead: Onslaught,"Action, Horror",Survios,2020,必需,,,,,,,,,912,
★★★,Werewolves Within,Social,Red Storm Entertainment,2016,—,,,Y,,,,,,2987,multiplat
★★★,100ft Robot Golf,Sports,No Goblin,2016,—,,,,,,,,,857,
★★★,Paper Beast,Adventure,Pixel Reef,2020,可选,,,,,,,,,828,
★★★,Ark Park,"Adventure, simulation",Snail Games,2018,可选,,,Y,,,,,,725,
★★,Moss: Book II,"Adventure, puzzle",Polyarc Games,2022,—,,,Y,,,,,,635,
★★,Trover Saves the Universe,Squanch Games,Squanch Games,2019,—,,,Y,,,,,,2107,multiplat
★★,Battlezone,Vehicular combat,Rebellion Developments,2016,—,,,Y,,,,,,607,
★★,Budget Cuts,,Neat Corporation,2020,—,,,Y,,,,,,578,
★★,Ghost Giant,"Adventure, puzzle",Zoink Games,2019,必需,,,Y,,,,,,546,
★★,Ace Combat 7,Combat flight sim,Project Aces,2019,—,,Y,Y,,,,,,1708,multiplat
★★,Killing Floor: Incursion,First-person shooter,Tripwire Int.,2018,—,,,Y,,,,,,4997,proxy
★★,Catlateral Damage,Simulation,Chris Chung,2016,可选,,,,,,,,,498,
★★,Wayward Sky,"Adventure, Puzzle",Uber Entertainment,2016,可选,,,,,,,,,493,
★★,Synth Riders,Rhythm,Kluge Interactive,,必需,,,,,,,,,488,
★★,Sairento VR,First-person shooter,Mixed Realms,2019,必需,,,Y,,,,,,486,
★★,Dead Secret,Horror,Robot Invader,2018,—,,,,,,,,,483,
★★,Crisis on the Planet of the Apes VR,Action,Advanced Visual Entertainment,2018,必需,,,,,,,,,441,
★★,Hitman III,Stealth,IO Interactive,2021,—,,,,,,,,,1417,multiplat
★★,Sniper Elite VR,"Tactical shooter, stealth",Just Add Water,2021,—,Y,,,,,,,,3362,proxy
★★,Chess Ultra,"Sport, Chess",Ripstone Games,2017,—,,,,,,,,,330,
★★,Rez Infinite,"Rail shooter, music",Monstars,2016,可选,,,Y,,CUSA06209,0.49,521601024,exact,316,
★★,Arashi: Castles of Sin,Action,Endeavor One,,—,,,,,,,,,295,
★★,Fantastic Contraption,Puzzle,Northway Games,2017,—,,,,,,,,,233,
★★,Xing: The Land Beyond,"Adventure, Puzzle",White Lotus,2019,可选,,,,,,,,,160,
★★,Lethal VR,Shooter,Three Fields Ent.,2016,必需,,,,,,,,,159,
★★,The Playroom VR,Party,Japan Studio (Team Asobi),2016,—,,,,Y,CUSA04318,2.06,2215706624,exact,151,
★★,Apex Construct,Action-adventure,Fast Travel Games,2018,必需,,,Y,,,,,,,
★★,ATV Drift & Tricks,Racing,Anuman Interactive,2017,—,,,Y,,,,,,,
★★,Battlewake,"Action, racing, shooter",Survios,2019,可选,,,Y,,,,,,,
★★,Blind,"Exploration, Narrative, Puzzle",Tiny Bull Studios,2018,可选,,,Y,,,,,,,
★★,BoxVR,Sports,FitXR,2019,必需,,,Y,,,,,,,
★★,Bravo Team,First-person shooter,Supermassive Games,2018,可选,Y,,Y,,,,,,,
★★,Carly and the Reaperman: Escape from the Underworld,Odd Raven Studios,Odd Raven Studios,2019,可选,,,Y,,,,,,,
★★,CoolPaintrVR,Adventure,Wildbit Studios,2018,可选,,,Y,,,,,,,
★★,Croixleur Sigma,Hack 'n slash,Playism,2017,—,,,Y,,CUSA02163,1.16,1246035968,exact,,
★★,"data-sort-value=""American Dream"" |The American Dream",FPS,Samurai Punk,2018,—,,,Y,,,,,,,
★★,"data-sort-value=""Angry Birds Movie 2 VR: Under Pressure"" | The Angry Birds Movie 2 VR: Under Pressure",Party,XR Games,2019,—,,,Y,,,,,,,
★★,"data-sort-value=""Assembly"" |The Assembly",Adventure,nDreams,2016,可选,,,Y,,,,,,,
★★,"data-sort-value=""Curious Tale of the Stolen Pets"" | The Curious Tale of the Stolen Pets",Adventure,Fast Travel Games,2019,可选,,,Y,,,,,,,
★★,"data-sort-value=""Invisible Hours"" |The Invisible Hours","First-person, mystery",Tequila Works,2017,—,,,Y,,,,,,,
★★,"data-sort-value=""Persistence"" |The Persistence","Horror, stealth",Firesprite,2018,—,,,Y,,,,,,,
★★,Dexed,Action,Ninja Theory,2017,可选,,,Y,,,,,,,
★★,Doctor Who: The Edge of Time,"Adventure, puzzle",PlayStack,2019,可选,,,Y,,,,,,,
★★,Down The Rabbit Hole,Adventure,Cortopia,2020,—,,,Y,,,,,,,
★★,Drunkn Bar Fight,Action,The Munky,2018,必需,,,Y,,,,,,,
★★,Dying: Reborn,"Horror, puzzle",Oasis Games,2017,—,,,Y,,,,,,,
★★,Everybody's Golf VR,Sports,Japan Studio,2019,可选,,,Y,,CUSA04687,7.40,7942045696,exact,,
★★,Fated: The Silent Oath,Action-Adventure,Frima Studio,2017,—,,,Y,,,,,,,
★★,Gun Club VR,"Arcade, shooter",The Binary Mill,2018,必需,,,Y,,,,,,,
★★,Gungrave VR,Action,Iggymob,2017,—,,,Y,,,,,,,
★★,Happy Manager,Simulation,Tamsoft,2018,—,,,Y,,,,,,,
★★,Headmaster,"Action, sports",Frame Interactive,2016,—,,,Y,,,,,,,
★★,Heavy Fire: Red Shadow,"Action, arcade",Mastiff,2018,—,,,Y,,,,,,,
★★,Here They Lie,Horror,Tangentlemen,2016,—,,,Y,,CUSA05018,5.71,6135480320,exact,,
★★,HeroCade,Interactive experience,Lucid Sight,2017,可选,,,Y,,,,,,,
★★,Honor and Duty: D-Day,Action,Strange Games Studios,2019,可选,Y,,Y,,,,,,,
★★,Infinite Minigolf,Sports,Zen Studios,2017,—,,,Y,,CUSA07813,1.02,1094189056,exact,,
★★,Intruders: Hide and Seek,First-person stealth,Tessera Studios,2019,—,,,Y,,,,,,,
★★,Jupiter & Mars,Adventure Action,Tigertron,2019,—,,,Y,,,,,,,
★★,Korix,Real-Time strategy,StellarVR,2017,可选,,,Y,,,,,,,
★★,Last Labyrinth,Escape Room,Amata K.K.,2019,可选,,,Y,,,,,,,
★★,Light Tracer,Adventure,Oasis games,2017,必需,,,Y,,,,,,,
★★,Loading Human,Adventure,Untold Games,2016,可选,,,Y,,,,,,,
★★,Megadimension Neptune VIIR,RPG,Compile Heart,2017,—,,,Y,,,,,,,
★★,Mind Labyrinth VR Dreams,Adventure,Oxygene s.r.l.,2018,可选,,,Y,,,,,,,
★★,Operation Warcade,Shooter,Ivanovich Games,2018,可选,Y,,Y,,,,,,,
★★,Paper Dolls,"First-Person, horror",Winking Skywalker,2018,可选,,,Y,,,,,,,
★★,Paranormal Activity: The Lost Soul,Horror,VRwerx,2017,—,,,Y,,,,,,,
★★,"Penn & Teller VR: F U, U, U, & U",Party,Gearbox,2019,必需,,,Y,,,,,,,
★★,Perfect,Simulation,nDreams,2016,可选,,,Y,,,,,,,
★★,Pixel Gear,Shooter,Oasis Games,2016,必需,,,Y,,,,,,,
★★,Pixel Ripped 1989,"Simulation, Arcade",Pixel Ripped,2018,—,,,Y,,,,,,,
★★,Prison Boss VR,Simulation,Trebuchet Studio,2018,必需,,,Y,,,,,,,
★★,Project Lux,Visual novel,Spicy Tails,2019,可选,,,Y,,,,,,,
★★,Quar: Infernal Machines,Funbox Media,Funbox Media,2019,可选,,,Y,,,,,,,
★★,QuiVr,Shooter,The Munky,2019,必需,,,Y,,,,,,,
★★,Race the Sun,"Action, Arcade",Flippfly,2017,—,,,Y,,CUSA00708,0.13,138346496,exact,,
★★,Raw Data,First-person shooter,Survios,2017,必需,,,Y,,,,,,,
★★,Red Matter,Puzzle,Vertical Robot,2018,必需,,,Y,,,,,,,
★★,Resident Evil Vendetta: Z Infected Experience,Interactive experience,Marza Animation Planet,2017,—,,,Y,Y,,,,,,
★★,Rogue One: X-Wing VR Mission,Space Shooter,Criterion Games,2016,—,,,Y,,,,,,,
★★,Rollercoaster Tycoon Joyride,Simulation,Nvizzio Creations,2018,—,,,Y,,,,,,,
★★,Rush VR,Sports,The Binary Mill,2018,可选,,,Y,,,,,,,
★★,Senran Kagura Peach Beach Splash Sunshine Edition,Shooter,Tamsoft,2017,—,,,Y,,,,,,,
★★,Smash Hit Plunder,Arcade,Triangular Pixels,2018,可选,,,Y,,,,,,,
★★,Space Channel 5 VR,"Music, rhythm",Grounding,2020,必需,,,Y,,,,,,,
★★,Space Junkies,Ubisoft Montpellier,Ubisoft,2019,可选,,,Y,,,,,,,
★★,Sprint Vector,"Action, Course",Survios,2018,必需,,,Y,,,,,,,
★★,Squishies,"Action, puzzle",Brainseed Factory,2018,必需,,,Y,,,,,,,
★★,Syndrome,"First-person, survival",Camel 101,2017,—,,,Y,,,,,,,
★★,The Grand Museum VR,"Educational, Casual",Owlgorithm,2018,—,,,Y,,,,,,,
★★,The Rabbit Hole,"Adventure, puzzle",VRMonkey,2017,可选,,,Y,,,,,,,
★★,The Wizards: Enhanced Edition,Carbon Studio,Carbon Studio,2019,必需,,,Y,,,,,,,
★★,Theseus,Action,Forge Reply,2017,—,,,Y,,,,,,,
★★,Time Carnage,Action,Wales Interactive,2018,—,,,Y,,,,,,,
★★,To the top,"Action, adventure",Electric Hat Games,2018,可选,,,Y,,,,,,,
★★,Tokyo Chronos,MyDearest,"Limited Run Games, Sekai Project",2018,可选,,,Y,,,,,,,
★★,Touhou Kobuto V: Burst Battle,Action,,2017,—,,,Y,,,,,,,
★★,Track Lab,Music,Sony Interactive Ent.,2018,必需,,,Y,,,,,,,
★★,Transference,"Adventure, puzzle",Ubisoft,2018,—,,,Y,,,,,,,
★★,Ultrawings,"Flight, open world",Bit Planet Games,2017,可选,,Y,Y,,,,,,,
★★,Unearthing Mars,"Interactive, Adventure",Winking Ent.,2017,必需,,,Y,,,,,,,
★★,Unearthing Mars 2: The Ancient War,"Interactive, Adventure",Winking Ent.,2018,—,Y,,Y,,,,,,,
★★,VR Karts,Arcade racing,View Point Games,2017,—,,,Y,,,,,,,
★★,VR Ping Pong,Sports,Merge Games,2017,必需,,,Y,,,,,,,
★★,VR Ping Pong Pro,Sports,Merge Games,2019,必需,,,Y,,,,,,,
★★,Weeping Doll,Horror,Oasis Games,2016,—,,,Y,,CUSA06439,1.06,1139146752,exact,,
★,Superhot VR,First-person shooter,Superhot Team,2017,必需,,,Y,,,,,,146,
★,Radial-G: Racing Revolved,Racing,Tammeka Games,2017,—,,,Y,,,,,,142,
★,I Expect You To Die,"Action, puzzle",Schell Games,2016,可选,,,,,CUSA07396,0.93,999161856,exact,137,
★,GNOG,Puzzle,KO_OP,2017,—,,,,,,,,,127,
★,Volume: Coda,"Stealth, Puzzle",Mike Bithell Games,2016,—,,,Y,,,,,,1252,proxy
★,Marvel's Iron Man VR,Shooter,Camouflaj,2020,必需,,,Y,,,,,,104,
★,Deemo: Reborn,Rhythm,Rayark,2019,可选,,,Y,,,,,,101,
★,TrackMania Turbo: VR Levels,Racing,Nadeo,2016,—,,,Y,,,,,,992,proxy
★,CastleStorm VR,Strategy,Zen Studios,2017,—,,,,,,,,,908,proxy
★,Everest VR,Simulation,Sólfar Studios,2017,可选,,,,,,,,,85,
★,Borderlands 2 VR,First-Person,2K Games,2018,可选,Y,,,,,,,,84,
★,A-Train Express,City development railroad simulation,Artdink,2017,—,,,Y,,,,,,79,
★,Fruit Ninja VR,"Action, Arcade",Halfbrick Studios,2016,必需,,,Y,,,,,,79,
★,Hustle Kings VR,Sports,EPOS Game Studios,2016,可选,,,Y,,CUSA01332,0.73,780206080,exact,616,proxy
★,Summer Lesson: Allison Snow,Simulation,Bandai Namco Ent.,2017,—,,,Y,,,,,,604,proxy
★,Summer Lesson: Chisato Shinjo,Simulation,Bandai Namco Ent.,2017,—,,,Y,,,,,,604,proxy
★,Summer Lesson: Hikari Miyamoto,Simulation,Bandai Namco Ent.,2016,—,,,Y,,,,,,604,proxy
★,Harmonix Music VR,"Music, rhythm",Harmonix,2016,可选,,,,,,,,,49,
★,Table of Tales: The Crooked Crown,Digital tabletop,Tin Man Games,2019,可选,,,,,,,,,44,
★,ChromaGun VR,"First-person, puzzle",Pixel Maniacs,2019,—,Y,,,,CUSA04908,1.11,1189609472,exact,353,proxy
★,Driveclub VR,Racing,Evolution Studios,2016,—,,,,,CUSA00093,14.66,15739518976,exact,34,
★,Spice and Wolf VR,Interactive movie,Spicy Tails,2019,—,,,,,,,,,32,
★,Zone of the Enders: The 2nd Runner Mars,Third-person shooter,Cygames,2018,—,,,Y,,,,,,31,
★,Hyper Void: VR Levels,Space shooter,InFramez Technology,2016,—,,,,,,,,,265,proxy
★,Kai-ri-Sei Million Arthur VR,RPG,Square Enix,2017,可选,,,,,,,,,24,
★,Mini Motor Racing X,Racing,The Binary Mill,2019,可选,,,Y,,,,,,20,
★,One Piece: Grand Cruise,Interactive experience,Bandai Namco Entertainment,2018,可选,,,,,,,,,19,
★,Super Stardust Ultra VR,Shooter,Sony XDev,2016,—,,,Y,,,,,,87,proxy
★,Spooky's Jump Scare Mansion: HD,"Action, adventure",Albino Moose Games,2019,—,,,,,,,,,58,proxy
★,DOOM 3 VR Edition,First-person shooter,Bethesda,2017,可选,Y,,,,,,,,24,proxy
★,18 Floors,"Escape room, puzzle",Aoga Tech,2018,必需,,,,,,,,,,
★,1976,Ivanovich Games,Ivanovich Games,,—,,,,,,,,,,
★,2MD: VR Football,Sports,Truant Pixel,2018,必需,,,,,,,,,,
★,360 Date Osana Najimi,Interactive movie,Kyodo Television,2017,—,,,,,,,,,,
★,360Channel VR,Streaming cinema,360Channel,2017,—,,,,Y,,,,,,
★,502nd JFW Brave Witches VR: Operation Baba-Yaga,Aerial combat,Production I.G.,2018,—,,,,,,,,,,
★,A Fisherman’s Tale,Puzzle,Innerspace VR,2019,必需,,,,,,,,,,
★,A Night at the Forum,VRtron,VRtron,2019,必需,,,,,,,,,,
★,A Room Where Art Conceals,Puzzle,Shanghai Oriental Pearl Culture Development,2018,可选,,,,,,,,,,
★,A-Tech Cybernetic VR,"Action, horror",Xreal Games,2020,必需,,,,,,,,,,
★,Ace Banana,Action,Oasis Games,2016,必需,,,,,,,,,,
★,Affected: The Manor,Horror,Fallen Planet Studios,2018,可选,,,,,,,,,,
★,Afterlife,Horror,Signal Space,2019,可选,,,,,,,,,,
★,Air Force Special Ops: Nightfall,Simulation,Sony Interactive Entertainment,2017,必需,,,,Y,CUSA07936,2.28,2451374080,exact,,
★,Airtone,Rhythm,Historia,2018,必需,,,,,,,,,,
★,Allumette,Interactive Movie,Penrose Studios,2016,—,,,,Y,CUSA06821,0.85,917176320,exact,,
★,Along Together,"Puzzle, adventure",Turbo Button,2018,—,,,,,,,,,,
★,Ancient Amuletor,"Action, tower defense",TiGames,2017,必需,,,,,,,,,,
★,Angry Birds VR: Isle of Pigs,Resolution Games,Resolution Games,2019,必需,,,,,,,,,,
★,Animal Force,Strategy,Sony Interactive Entertainment,2018,必需,,,,,,,,,,
★,Anubis Zone of the Enders: Mars Orange Case,Third-person shooter,Cygames,2018,—,,,,Y,,,,,,
★,Anyone's Diary,Puzzle,World Domination Project,2019,可选,,,,,CUSA14221,1.27,1368195072,exact,,
★,AnywhereVR,Sony Music Entertainment Japan,Sony Music Entertainment Japan,2016,—,,,,Y,CUSA08643,0.43,462815232,exact,,
★,Apocalypse Rider,Arcade,VRMonkey,2018,可选,,,,,,,,,,
★,Arca's Path VR,Casual,Rebellion,2018,—,,,,,,,,,,
★,Archangel,Shooter,Skydance Interactive,2017,可选,,,,,,,,,,
★,ArtPulse,Adventure,Mekiwi,2019,必需,,,,,,,,,,
★,Atom Universe,"Party, social",Atom Republic,2016,—,,,,Y,CUSA02432,2.12,2272526336,exact,,
★,Audica,,Harmonix,2019,必需,,,,,,,,,,
★,Audio Beats,Music,Famiku,2017,必需,,,,,,,,,,
★,Bartender VR Simulator,Simulation,VR Factory,2019,必需,,,,,,,,,,
★,Baskhead Training,Sports,VR Lines,2017,可选,,,,,,,,,,
★,Beat Blaster,Ivanovich Games,Ivanovich Games,2019,可选,Y,,,,,,,,,
★,Beats Fever,Rhythm,Shanghai Chenyou Information Technology,2018,必需,,,,,,,,,,
★,Bikerider VR,Bike runner,Chariso,2017,—,,,,,,,,,,
★,Black Hat Cooperative,Action,Team Future,2018,可选,,,,,,,,,,
★,Blasters of the Universe,Brawler,Secret Location,2018,必需,,,,,,,,,,
★,Blind Spot,"Puzzle, adventure",Unlimited Fly,2019,必需,,,,,,,,,,
★,Blindfold A Vérité VR Experience,Horror,Ink Studios,2019,—,,,,,,,,,,
★,Bloody Zombies,Brawler,nDreams,2017,—,,,,,,,,,,
★,Bonfire,Experience,Baobab Studios,2019,可选,,,,,,,,,,
★,Bow to Blood,Aerial combat,Tribetoy,2018,可选,,,,,,,,,,
★,Boxing Apocalypse,Sports,Gotham City Films,2018,必需,,,,,,,,,,
★,BugsBoxVR,Casual,Park ESM,2018,—,,,,,,,,,,
★,Call of Duty: Infinite Warfare Jackal Assault VR Experience,Action,"Infinity Ward, Paper Crane Games",2016,—,,,,Y,,,,,,
★,Carnival Games VR,Party,Cat Daddy Games,2016,必需,,,,,CUSA05697,1.07,1153433600,exact,,
★,Catan VR,Simulation,Experiment 7,2019,可选,,,,,,,,,,
★,Catch & Release,Simulation,Metric Minds,2018,必需,,,,,,,,,,
★,Cave Digger: Riches,,Mekiwi,2019,必需,,,,,,,,,,
★,Cavernous Wastes,Simulation,PouncingKitten Games,2017,—,,,,,,,,,,
★,Chainman,Survival horror,ouka-ichi-mon,2017,—,,,,,,,,,,
★,Chernobyl VR Project,Adventure,The Farm 51,2017,—,,,,,,,,,,
★,Coaster,Simulation,Monster Paw,2020,可选,,,,,,,,,,
★,Cocos: Shark Island,Interactive Experience,Alchemy VR,2017,必需,,,,,,,,,,
★,Code51: Mecha Arena,"Action, shooter",Smellyriver Entertainment Technology,2018,—,,,,,,,,,,
★,Cold Iron,"Puzzle, shooter",Catch & Release,2018,必需,,,,,,,,,,
★,Contagion VR: Outbreak,Monochrome,Monochrome,2019,必需,,,,,,,,,,
★,Counter Fight 3,Action,Tricol,2019,必需,,,,,,,,,,
★,Counter Fight VR,Action,Tricol,2018,必需,,,,,,,,,,
★,Counter Fight: Samurai Edition,Action,Tricol,2019,必需,,,,,,,,,,
★,Covert,Adventure,White Elk,2020,可选,,,,,,,,,,
★,Crisis VRigade,"Action, shooter",Sumalab,2019,可选,Y,,,,,,,,,
★,Crow: The Legend,Interactive Experience,Baobab Studios,2018,可选,,,,Y,CUSA14043,3.44,3696558080,exact,,
★,Crystal Rift,Adventure,Psytec Games,2016,—,,,,,,,,,,
★,Ctrl,Interactive Movie,Breaking Fourth,2017,—,,,,,,,,,,
★,CubeWorks,Puzzle,TinMoon Studios,2018,必需,,,,,,,,,,
★,Cubians VR,Casual,IKina Games,2018,必需,,,,,,,,,,
★,Dancing Beauty: Idol Project,Shooter,Shanghai Oriental Pearl Culture Development,2018,必需,,,,,CUSA12671,4.01,4303683584,exact,,
★,Dark Eclipse,"MOBA, RTS",Sunsoft,2018,可选,,,,Y,CUSA08190,0.50,542113792,exact,,
★,Dark Legion,Shooter,Ice World,2018,可选,,,,,,,,,,
★,Darkness Rollercoaster: Ultimate Shooter Edition,Rollercoaster,Creative VR3D,2019,可选,,,,,,,,,,
★,Darknet,Puzzle,Archiact Int.,2017,—,,,,,,,,,,
★,"data-sort-value=""Apollo 11: VR Experience"" |The Apollo 11: VR Experience",Simulation,David Whelan,2017,—,,,,,,,,,,
★,"data-sort-value=""Brookhaven Experiment"" |The Brookhaven Experiment",Survival horror,Phosphor Games,2016,必需,Y,,,,,,,,,
★,"data-sort-value=""Copper Canyon Shoot Out"" |The Copper Canyon Shoot Out","Arcade, shooter",Black Dragon Studios,2019,必需,,,,,,,,,,
★,"data-sort-value=""Lost Bear"" |The Lost Bear","2D, platform",Odd Bug Studio,2017,—,,,,,,,,,,
★,"data-sort-value=""Room VR: A Dark Matter"" | The Room VR: A Dark Matter",Puzzle,Fireproof Games,2020,可选,,,,,,,,,,
★,David Attenborough's First Life VR,Interactive Experience,Alchemy VR,2017,—,,,,,,,,,,
★,David Attenborough's Great Barrier Reef Dive,Interactive Experience,Alchemy VR,2018,—,,,,,,,,,,
★,Dead Land VR,Action,Khizar Awan,2019,—,,,,,,,,,,
★,Detached,First-person adventure,Anshar Studios,2018,—,,,,,,,,,,
★,Dick Wilde,First-person,Bolverk Games,2017,必需,Y,,,,,,,,,
★,Dick Wilde 2,First-person,Bolverk Games,2019,必需,Y,,,,,,,,,
★,Digital Domain's Monkey King,Interactive Movie,Digital Domain Interactive,2017,—,,,,,,,,,,
★,Dino Frontier,Simulation,Uber Ent.,2017,必需,,,,,,,,,,
★,Discovery,Adventure,Noowanda,2017,—,,,,,,,,,,
★,Domino Craft VR,Casual,Shanghai Lusion Computer Software,2018,必需,,,,,,,,,,
★,Downward Spiral: Horus Station,"Action, adventure",3rd Eye Studios,2018,可选,,,,,,,,,,
★,Dream Angling,Fishing,Bluck,2017,必需,,,,,,,,,,
★,Dream Match Tennis VR,Sports,Bimboosoft,2018,必需,,,,,,,,,,
★,Dream Match Tennis VR World tour,Sports,Bimboosoft,2019,必需,,,,,,,,,,
★,Drone Striker,Shooter,Winking Skywalker,2018,可选,Y,,,,,,,,,
★,DWVR,"Action, Arcade, First Person Shooter",Mad Triangles,2017,可选,Y,,,,,,,,,
★,Eden Tomorrow,Action-adventure,Soulpix,2019,—,,,,,,,,,,
★,Electronauts,Music,Survios,2018,必需,,,,,,,,,,
★,Eleven Eleven,Action,Digital Domain Interactive,2019,必需,,,,,,,,,,
★,End Space,"Simulation, Space, Combat",Orange Bridge Studios,2017,—,,Y,,,,,,,,
★,Esper,"Action, RPG",Coatsink Software,2018,可选,,,,,,,,,,
★,Espire 1: VR Operative,"Shooter, adventure",Digital Lode,2019,必需,,,,,,,,,,
★,Evasion,Shooter,Archiact Interactive,2017,—,Y,,,,,,,,,
★,Eve: Gunjack,Space Shooter,CCP Games,2016,—,,,,,,,,,,
★,Falcon Age,"Action, adventure",Outerloop Games,2019,可选,,,,,,,,,,
★,Fat City VR,Puzzle,Heavy Iron Studios,2016,—,,,,,,,,,,
★,Fear of Bugs: The Fear Experience,Good Vision,Good Vision,,—,,,,,,,,,,
★,Final Assault,Strategy,Phaser Lock,2020,必需,,,,,,,,,,
★,Fishing Master,Sports,Snowball Games,2017,必需,,,,,,,,,,
★,Fishing Planet: Happy 4-th of July Pack,Sports,Fishing Planet,2018,—,,,,,,,,,,
★,Flipy's Tesla! Let's invent the future! Episode 1,Simulation,Mediaproduccion,2018,必需,,,,,,,,,,
★,Floor Plan,Puzzle,Turbo Button,2018,可选,,,,,,,,,,
★,Fly to Kuma,Simulation,COLOPL,2016,—,,,,,,,,,,
★,Focus on You,Smilegate Entertainment,Smilegate Entertainment,2019,—,,,,,,,,,,
★,Football Nation VR Tournament 2018,Sports,Cherry Pop Games,2018,必需,,,,,,,,,,
★,Form,Puzzle,Charm Games,2020,必需,,,,,,,,,,
★,Freediver: Triton Down,"Action, adventure",Archiact Interactive,2020,必需,,,,,,,,,,
★,Fujii,Adventure,Funktronic Labs,2019,必需,,,,,,,,,,
★,Gary the Gull,Interactive Movie,Limitless / Motional,2016,可选,,,,Y,CUSA06780,0.72,771620864,exact,,
★,Ghostbusters is Hiring: Firehouse,Action,Sony Pictures Virtual Reality,2017,必需,,,,,,,,,,
★,Ghostbusters is Hiring: Showdown,Action,Sony Pictures Virtual Reality,2018,必需,,,,,,,,,,
★,Ghosts In The Toybox: Chapter 1,Shooter,View Point Games,2017,可选,,,,,,,,,,
★,Good Goliath,Action,Knocktwice,2020,必需,,,,,,,,,,
★,Gorn,Action,Free Lives,2020,—,,,,,,,,,,
★,GOT7 Love Loop VR,Music,Sony Music Labels,2020,—,,,,Y,,,,,,
★,Groundhog Day: Like Father Like Son,Adventure,Tequila Works,2018,必需,,,,,,,,,,
★,Gungrave VR U.N.,Action,Iggymob,2018,—,,,,,,,,,,
★,Guns'n'Stories: Bulletproof VR,"Action, shooter",MiroWin,2018,必需,,,,,,,,,,
★,Happy Drummer,Music,Lusionsoft,2017,必需,,,,,,,,,,
★,Hatsune Miku VR,Rhythm,Degica,2019,可选,,,,,,,,,,
★,Hatsune Miku: VR Future Live,Simulation,Sega,2016,可选,,,,Y,CUSA04771,0.69,740687872,exact,,
★,Headbutt Factory,"Action, puzzle",Gemdrops,2017,—,,,,,,,,,,
★,Heroes of The Seven Seas,First-person,Mirage,2017,—,,,,,,,,,,
★,Hex Tunnel,Indie,Owlgorithm,2018,—,,,,,,,,,,
★,Hikaru Utada Laughter in the Dark Tour 2018,Music,Sony Interactive Entertainment,2018,—,,,,Y,CUSA14194,11.14,11966152704,exact,,
★,HoloBall,"Sports, Arcade",TreeFortress Games,2016,必需,,,,,,,,,,
★,Homestar VR,Pocket Ohira Tech,Pocket Ohira Tech,2017,—,,,,,,,,,,
★,Honor and Duty: Arcade Edition,Action,Strange Games Studios,2018,—,Y,,,,,,,,,
★,Hopalong: The Badlands,"Action, adventure",From the Future,2018,必需,,,,,,,,,,
★,Horror Sense,Koei Tecmo,Koei Tecmo,2019,—,,,,,,,,,,
★,How We Soar,"Flight, Adventure",Penny Black Studios,2016,—,,,,,,,,,,
★,Human Anatomy VR,Educational,Virtual Medicine,2019,必需,,,,,,,,,,
★,I'm Hungry,"Simulation, Fitness",WINKING ENTERTAINMENT CORPORATION,2019,必需,,,,,,,,,,
★,Immortal Legacy: The Jade Cipher,Action Shooter Horror,VIVA Games,2019,必需,,,,,,,,,,
★,In Death,Shooter,SOLFAR STUDIOS EHF,2018,可选,,,,,,,,,,
★,In the Cloud: VR Afterlife,Interactive experience,Crackle,2018,—,,,,Y,,,,,,
★,Inception VR,Interactive experience,Inception VR,2018,—,,,,Y,,,,,,
★,Invasion!,Interactive movie,Baobab Studios,2016,—,,,,Y,CUSA06761,1.27,1368850432,exact,,
★,Island Time VR,Arcade,Flight School Studio,2018,必需,,,,,,,,,,
★,Japan Studio VR Music Festival,Music,Aimvillage,2017,—,,,,,,,,,,
★,Joshua Bell VR Experience,Music,Sony Interactive Entertainment,2017,—,,,,Y,,,,,,
★,Joysound VR,Music,Xing,2016,—,,,,Y,,,,,,
★,Just In Time Incorporated,Action,Second Wind Interactive 2018,2018,必需,,,,,,,,,,
★,Justice League VR: The Complete Experience,Action,Warner Bros. Int.,2017,必需,,,,,,,,,,
★,Kaiji VR: Steel Beam Crossing of Despair,Simulation,Solid Sphere,2017,—,,,,,,,,,,
★,Kamen Rider Ex-Aid: Genmu VR,"Interactive Experience, Party",Sony Interactive Entertainment,2017,—,,,,Y,,,,,,
★,Kamen Rider Ex-Aid: True Ending,Interactive Movie,Sony Interactive Entertainment,2017,—,,,,Y,,,,,,
★,Khalid Young Dumb and Broke VR,Interactive Movie,Sony Music Entertainment,2018,可选,,,,Y,CUSA11223,2.18,2344157184,fuzzy,,
★,Kingdom Hearts VR Experience,RPG,Square Enix,2019,可选,,,,Y,CUSA15095,3.03,3249864704,exact,,
★,Kingdom of Blades,Action,Chesstar studios,2019,必需,,,,,,,,,,
★,Kitten'd,Simulation,Star Vault AB,2019,必需,,,,,,,,,,
★,Kizumonogatari VR,Interactive Movie,Aniplex,2017,可选,,,,Y,,,,,,
★,Knockout League,Sports,Grab Games,2018,必需,,,,,,,,,,
★,Kona VR,Adventure,Koch Media GmbH,2018,必需,,,,,,,,,,
★,Konrad the Kitten,Simulation,FusionPlay,2018,—,,,,,,,,,,
★,Kowloon's Gate VR,Adventure,Jetman,2017,—,,,,,,,,,,
★,L.A. Noire: The VR Case Files,"Action, adventure",Rockstar Games,2019,必需,,,,,,,,,,
★,League of War: VR Arena,"Action, arcade, RTS",MunkyFun Inc.,2017,必需,,,,,,,,,,
★,Leave the Nest,"Action, party",Kaio Int.,2017,可选,,,,,,,,,,
★,Legends of Catalonia: The Land of Barcelona,Adventure,The Greyskull Company,2018,可选,,,,Y,,,,,,
★,Lens for PS VR,Streaming cinema,Lens Entertainment,2017,—,,,,Y,,,,,,
★,Littlstar,Streaming cinema,Little Star Media,2016,—,,,,Y,,,,,,
★,Luna,Puzzle,Funomena,2019,可选,,,,,,,,,,
★,Lunar Stone Origin of Blood,Shooter,Zenox Studio,2017,必需,,,,,,,,,,
★,Manifest 99,Interactive experience,Flight School Studio,2017,—,,,,,,,,,,
★,Mars Alive,Simulation,Winking Skywalker,2019,—,,,,,,,,,,
★,Medusa And Her Lover,Action,MiCRO ViSiON,2019,—,,,,,,,,,,
★,Megalith,"Action, shooter",Disruptive Games,2019,可选,,,,,CUSA11089,2.43,2611544064,exact,,
★,Mervils: A VR Adventure,Adventure,Vitruvius Technologies Inc.,2017,—,,,,,,,,,,
★,Mini-Mech Mayhem,Futurlab,Futurlab,2019,可选,,,,,,,,,,
★,MiniWood VR,"Simulation, arcade",IT-Spengler,2019,—,,,,,,,,,,
★,Minotaur Arcade Volume 1,Arcade,Llamasoft,2019,—,,,,,,,,,,
★,MLB Home Run Derby VR,Sports,MLB Advanced Media,2018,必需,,,,,,,,,,
★,Moonshot Galaxy,"Sports, puzzle",Liftoff Labs,2017,可选,,,,,,,,,,
★,Mortal Blitz VR,FPS,Skonec Ent.,2017,可选,,,,,,,,,,
★,Nebulous,"Action, puzzle",Namazu Studios,2016,—,,,,,,,,,,
★,Neko Atsume VR,Simulation,Hit Point,2018,—,,,,,,,,,,
★,Neptune Flux,Adventure,Zoxide Games,2017,—,,,,,,,,,,
★,Neverout,Puzzle,Gamedust Sp. z o.o.,2018,可选,,,,,,,,,,
★,NewsVR,Streaming video,Asahi Shimbun corporation,2017,—,,,,Y,,,,,,
★,NextVR,Streaming video,NextVR,2017,—,,,,Y,,,,,,
★,No Heroes Allowed! VR,RTS,Sony Interactive Entertainment,2017,—,,,,,,,,,,
★,No Way Out: A Dead Realm Tale,Horror,3BD Games,2019,—,,,,,,,,,,
★,O! My Genesis VR,Simulation,XPEC Ent. / Bad Bird,2016,必需,,,,,,,,,,
★,Out of Ammo,Action,Zen Studios,2018,必需,,,,,,,,,,
★,Passengers: Awakening,Interactive movie,Sony Pictures Virtual Reality,2017,必需,,,,,,,,,,
★,Picture Party VR,Puzzle,Vanguard Games,2018,—,,,,,,,,,,
★,PieceFall,Puzzle,Steel Minions,2018,可选,,,,,,,,,,
★,Pierhead Arcade,Pinball,Mechabit,2018,必需,,,,,,,,,,
★,Pinball FX2 VR,Pinball,Zen Studios,2016,—,,,,,CUSA06390,0.37,397737984,exact,,
★,Pirate Flight,Arcade,Andreas von Lepel,2018,—,,,,,,,,,,
★,Pistol Whip,,Cloudhead Games,2020,—,,,,,,,,,,
★,PixelJunk VR™ Dead Hungry,Action,Q-Games,2017,可选,,,,,,,,,,
★,Pop-Up Pilgrims,Arcade,Dakko Dakko,2018,—,,,,,,,,,,
★,Powerful Pro Baseball 2018,Sports,Konami,2018,—,,,,,,,,,,
★,Preta: Vendetta Rising,Action,Illion,2018,—,,,,,,,,,,
★,Prey: Typhon Hunter,Action,Bethesda,2018,可选,,,,,,,,,,
★,Proton Pulse Plus,Arcade,Zero Transform,2016,可选,,,,,,,,,,
★,Pupil: Wandering,Puzzle,Shanghai Oriental Pearl Culture Development,2018,必需,,,,,,,,,,
★,Quiz Night Tonight!,Trivia,Mardonpol,2017,可选,,,,,,,,,,
★,Racket Fury: Table Tennis,Sports,Cmoar Studio,2018,必需,,,,,,,,,,
★,Rage Room,Action,Lockem Reality,2019,必需,,,,,,,,,,
★,Ranch Planet,Simulation,AOGA Tech,2018,必需,,,,,,,,,,
★,Rangi,Adventure,Funsoft,2018,可选,,,,,,,,,,
★,Reborn: A Samurai Awakens,Fighting,Geronimo Interactive,2019,必需,,,,,,,,,,
★,Restless Spirit,Interactive movie,Wise,2017,—,,,,,,,,,,
★,Rhythm 'n Bullets,"Shooter, rhythm",DB Creations,2021,—,,,,,,,,,,
★,Richie's Plank Experience,Adventure,Toast VR,2018,可选,,,,,,,,,,
★,Rise of Insanity,Horror,Red Limb Studio,2019,—,,,,,,,,,,
★,Rollercoaster Dreams,Simulation,Bimboosoft,2016,—,,,,,CUSA05238,0.71,765263872,exact,,
★,RollerCoaster Legends,Simulation,Warducks,2017,—,,,,,,,,,,
★,RollerCoaster Legends II: Thor's Hammer,Simulation,Warducks,2018,可选,,,,,,,,,,
★,Rooms: The Usolvable Puzzle,Puzzle,Handmade Game,2018,—,,,,,,,,,,
★,Run Dorothy Run,Arcade,Virtro Entertainment,2018,必需,,,,,,,,,,
★,Sabre VR,Fire Point,Fire Point,,必需,,,,,,,,,,
★,Sacralith: The Archer`s Tale,Action,Odd-meter Studio,2019,必需,,,,,,,,,,
★,Salary Man Escape,Puzzle,Oasis Games,2018,可选,,,,,,,,,,
★,SculptrVR,"Action, adventure",SculptrVR,2018,必需,,,,,,,,,,
★,Sea of Memories,Puzzle,Ivanovich Games,2018,可选,,,,,,,,,,
★,Separation,Recluse Industries,Recluse Industries,2020,—,,,,,,,,,,
★,Shadow Legend VR,VitruviusVR,VitruviusVR,2020,必需,,,,,,,,,,
★,Sharknado VR: Eye of the Storm,Autumn VR,Autumn VR,,必需,,,,,,,,,,
★,Shooty Fruity,"Action, shooter",nDreams,2017,必需,,,,,,,,,,
★,Shuttle Commander,Simulation,Immersive VR Education,2019,—,,,,,,,,,,
★,Ski Jumping Pro VR,Sports,Kalypso Media,2019,—,,,,,,,,,,
★,SkyWorld,Strategy,Vertigo Games,2019,可选,,,,,,,,,,
★,Slum Ball VR,U24 Solutions,U24 Solutions,,必需,,,,,,,,,,
★,Smashbox Arena,Shooter,Archiact,2017,必需,,,,,,,,,,
★,Snatch VR Heist Experience,Interactive experience,Crackle,2018,—,,,,Y,,,,,,
★,Sneaky Bears,"Action, Shooter",WarDucks,2017,必需,,,,,,,,,,
★,Snow Fortress,"Action, Shooter",Mythical City Games,2017,必需,,,,,,,,,,
★,Soul Dimension,"Adventure, Puzzle, Horror",Keen Vision,2017,—,,,,,,,,,,
★,Space Pirate Trainer,"Action, Shooter",I-Illusions,2018,必需,,,,,,,,,,
★,Space Rift,Space Adventure,bitComposer,2016,—,,,,,,,,,,
★,Sparc,Sports,CCP Games,2017,必需,,,,,,,,,,
★,Special Delivery,Sports,Meerkat Gaming,2017,可选,Y,,,,,,,,,
★,Spider-Man: Far From Home - Virtual Reality Experience,Action,Sony Pictures Virtual Reality,2019,必需,,,,Y,,,,,,
★,Spider-Man: Homecoming - Virtual Reality Experience,Action,Sony Pictures Virtual Reality,2017,必需,,,,Y,,,,,,
★,Sports Bar VR,Sports,Cherry Pop Games,2016,必需,,,,,,,,,,
★,Spuds Unearthed,Gamedust,Gamedust,2020,必需,,,,,,,,,,
★,Starbear: Taxi,"Arena, Shooter",Funktronic Labs,2018,必需,,,,,,,,,,
★,StarDrone,"Action, Arcade",Beatshapers,2018,可选,,,,,,,,,,
★,Stardust Odyssey,"Action, adventure",Agharta Studio,2019,必需,,,,,,,,,,
★,Starship Disco,"Rhythm, Shooter",Solus Games,2016,可选,,,,,,,,,,
★,Statik,Puzzle,Tarsier Studios,2017,—,,,,,CUSA06931,1.09,1174470656,exact,,
★,Steel Combat,Fighting,Colopl,2017,—,,,,,,,,,,
★,Stifled,"Action, horror",Gattai Games,2017,—,,,,,,,,,,
★,Stranger Things: The VR-Experience,Adventure,Netflix,2017,必需,,,,Y,CUSA10298,2.84,3051945984,exact,,
★,Stunt Kite Masters VR,Simulation,HandyGames,2017,可选,,,,,,,,,,
★,Summer Funland,Monad Rock,Monad Rock,2019,必需,,,,,,,,,,
★,Super Amazeballs,Action,Braincells Productions,2018,必需,,,,,,,,,,
★,Surgeon Simulator: Experience Reality,Simulation,Bossa Studios,2016,可选,,,,,,,,,,
★,Symphony of the Machine,Puzzle,Stirfire Studios,2017,可选,,,,,,,,,,
★,Syren,Survival horror,Hammerhead VR,2018,必需,,,,,,,,,,
★,Tale of the Fragmented Star: Single Fragment Version,Adventure,ForgeVision,2018,—,,,,,,,,,,
★,Telefrag VR,Anshar Studios,Anshar Studios,2019,可选,,,,,,,,,,
★,Tethered,Simulation,Secret Sorcery,2016,可选,,,,,,,,,,
★,The 100 Wonders of Japan: Himeji Castle,Interactive movie,Kyodo Television,2017,—,,,,,,,,,,
★,The Arcslinger,Shooter,Big Red Button Entertainment,2019,必需,,,,,,,,,,
★,The Bellows,Horror,Castle Steps,2017,可选,,,,,,,,,,
★,The Chainsmokers Paris.VR,Interactive Experience,Sony Music Entertainment,2017,—,,,,Y,,,,,,
★,The Chantry,Educational,Steel Minions,2018,可选,,,,,,,,,,
★,The Detective invisible,Interactive Experience,Sony Interactive Entertainment,2018,—,,,,Y,,,,,,
★,The Door,Horror,Skonec Entertainment,2018,—,,,,,,,,,,
★,The Exorcist: Legion VR,Horror,LegionVR,2018,可选,,,,,,,,,,
★,The Illusionist-Andres Iniesta,Unique,Gamepoch,2017,—,,,,Y,CUSA10516,0.55,593625088,exact,,
★,The Mage's Tale,InXile Entertainment,InXile Entertainment,2019,必需,,,,,,,,,,
★,The Martian: VR Experience,Interactive experience,20th Century Fox,2016,必需,,,,,,,,,,
★,The Ministry of Time VR: Save the time,"Simulation, adventure",El Faro Del Futuro,2017,—,,,,Y,CUSA10017,1.91,2054684672,exact,,
★,The Perfect Sniper,"Action, Shooter, Simulation",Sinn Studio,2018,可选,Y,,,,,,,,,
★,The Virtual Orchestra (Premium),Music,Sony Interactive Ent.,2017,—,,,,,,,,,,
★,The Walker,"Action, shooter",Winking Skywalker,2018,必需,,,,,,,,,,
★,Theater Room VR Beta,Streaming video,Sony Interactive Entertainment,2018,—,,,,Y,,,,,,
★,Throw Anything,Action,VisualLight,2020,必需,,,,,,,,,,
★,Tilt Brush by Google,"Adventure, paint",Google,2020,必需,,,,,,,,,,
★,Time Machine VR,Interactive Experience,Minority Media,2016,—,,,,,,,,,,
★,Tiny Trax,Racing,FuturLab,2017,—,,,,,,,,,,
★,Titanic VR,Interactive Experience,Immersive VR Education,2018,可选,,,,,,,,,,
★,Tom Grennan VR,Interactive Movie,Sony Music Entertainment,2018,—,,,,Y,CUSA13051,0.72,768081920,exact,,
★,Touring Karts,Ivanovich Games,Ivanovich Games,2019,可选,,,,,,,,,,
★,Trainer VR,"Casual, Indie, Simulation",Sumalab,2019,必需,,,,,,,,,,
★,Transpose,Puzzle,Secret Location,2018,必需,,,,,,,,,,
★,Trickster VR: Dungeon Crawler,First-Person,Trickster Games,2018,必需,,,,,,,,,,
★,Tumble VR,Puzzle,Supermassive Games,2016,可选,,,,,CUSA05406,2.49,2672361472,exact,,
★,Twisty Puzzle Simulator,Puzzle,Vizioneck,2018,可选,,,,,,,,,,
★,Ultra Kabuki VR,Dwango,Dwango,2018,可选,,,,Y,,,,,,
★,Until You Fall,"Hack and slash, roguelite",Schell Games,2020,—,,,,,,,,,,
★,Vacation Simulator,Simulation,Owlchemy Labs,2019,必需,,,,,,,,,,
★,Verti-GO Home!,Action,Trucker VR,2019,—,,,,,,,,,,
★,VEV: Viva Ex Vivo,"Survival, Adventure",Truant Pixel,2016,—,,,,,,,,,,
★,Vigilante Ranger,Tower defense,Sinergia Studios,2020,必需,,,,,,,,,,
★,Viking Days,Simulation,VRMonkey,2018,可选,,,,,,,,,,
★,Virtual Virtual Reality,Adventure,Tender Claws,2019,可选,,,,,,,,,,
★,VirtuGO,Puzzle,Surreal Games,2017,—,,,,,,,,,,
★,VirZoom Arcade,Racing,VirZoom,2016,—,,,,Y,CUSA06167,2.39,2567176192,exact,,
★,VR Apocalypse,Arcade racing,NextGen Interactions,2018,—,,,,,,,,,,
★,VR Figure from Shining,Simulation,Sega,2018,—,,,,,,,,,,
★,VR Invaders - Complete Edition,First-person,My.com,2017,必需,,,,,,,,,,
★,VR Tennis Online,Sports,COLOPL,2017,—,,,,,,,,,,
★,VR The Diner Duo,Simulation,Whirlybird Games,2017,必需,,,,,,,,,,
★,VRFC Virtual Reality Football Club,Sports,Cherry Pop Games,2018,—,,,,,,,,,,
★,VRobot,Action,Nival,2018,必需,,,,,,,,,,
★,VRog,Action,ByteRockers' Games GmbH & Co. KG,2017,—,,,,,,,,,,
★,Vroom Kaboom,"Action, racing",Ratloop Games Canada,2018,可选,,,,,CUSA09670,4.40,4728750080,exact,,
★,Waddle Home,Puzzle,Archiact Int.,2016,可选,,,,,,,,,,
★,Waltz of the Wizard,Interactive Experience,Aldin Dynamics,2019,必需,,,,,,,,,,
★,Wands,Interactive Experience,Aldin Dynamics,2019,可选,,,,,,,,,,
★,Warbot,Fighting,Shanghai Lusion Computer Software,2018,必需,,,,,,,,,,
★,We Happy Few: Uncle Jack Live VR,Adventure,Gearbox Publishing,2018,可选,,,,Y,CUSA13206,4.75,5097717760,exact,,
★,Wild Turkey Hunter VR,"Action, sports",PSR Outdoors,2018,—,,,,,,,,,,
★,Windlands,Adventure,Psytec Games,2016,可选,,,,,,,,,,
★,Witching Tower VR,Daily Magic Productions,Daily Magic Productions,2019,必需,,,,,,,,,,
★,Within,Streaming cinema,Within Unlimited,2016,—,,,,Y,CUSA07204,0.13,141557760,exact,,
★,Wraith,"Action, Shooter, Survival, Horror",Sinn Studio,2018,必需,Y,,,,,,,,,
★,Wraith: The Oblivion - Afterlife,"Survival, Horror",Fast Travel Games,2021,必需,,,,,,,,,,
★,Xeta,Shooter,Fevolution Innovation,2017,必需,,,,,,,,,,
